생태구역,정점명,개략위치 설명 ,위도,경도
서해중부 생태구,HC0139, 인천항 중앙부 ,37.49388888888889,126.61777777777776
서해중부 생태구,HC0140,평택항 중앙부 ,36.95916666666667,126.83333333333331
서해중부 생태구,HC0424,대천항 중앙부,36.33166666666667,126.50888888888888
서남해역 생태구,HW0612,목포항 중앙부,34.78527777777778,126.38861111111112
서남해역 생태구,HW0613,여객선터미널 앞,34.778888888888886,126.38055555555556
서남해역 생태구,HW2326, 완도항 중앙부,34.32194444444445,126.75194444444443
대한해협 생태구,HK1126, 여수신항 중앙부 ,34.74722222222222,127.75583333333331
대한해협 생태구,HK1127, 여수신항내 북쪽,34.75138888888889,127.75277777777778
대한해협 생태구,HK1128, 여수신항내 남쪽,34.74305555555556,127.75722222222224
대한해협 생태구,HK1129, 광양만 ,34.862500000000004,127.74027777777778
대한해협 생태구,HK1203, 삼천포항 중앙부,34.919999999999995,128.0825
대한해협 생태구,HK2445, 통영신항 중앙부,34.84166666666667,128.4375
대한해협 생태구,HK2446, 삼덕항 중앙부,34.79527777777778,128.38111111111112
대한해협 생태구,HK2447,장승포항 중앙부,34.86472222222223,128.72722222222222
대한해협 생태구,HK2448,옥포항 중앙부,34.88527777777778,128.71555555555554
대한해협 생태구,HK1334, 마산항 중앙부,35.20555555555556,128.5938888888889
대한해협 생태구,HK1431,부산신항 중앙부,35.074444444444445,128.8013888888889
대한해협 생태구,HK1432,다대포항 ,35.05472222222222,128.98166666666663
대한해협 생태구,HK1433,감천항 안쪽,35.08111111111111,128.99555555555554
대한해협 생태구,HK1434,감천항 중앙부 ,35.06583333333333,129.00222222222223
대한해협 생태구,HK1435,영도대교 부근,35.09305555555556,129.0294444444445
대한해협 생태구,HK1436,영도대교 남방,35.084722222222226,129.03250000000003
대한해협 생태구,HK1437,북항서방,35.103611111111114,129.04833333333332
대한해협 생태구,HK1438,부산북항 중앙부,35.11055555555556,129.0577777777778
대한해협 생태구,HK1439,북항동방,35.123333333333335,129.0638888888889
대한해협 생태구,HK1440,대변항 중앙부,35.22277777777778,129.22861111111112
대한해협 생태구,HK1520,울산항 중앙부,35.51916666666666,129.37861111111113
대한해협 생태구,HK2449,감포항 중앙부,35.80694444444444,129.50555555555556
동해 생태구,HE2548,구룡포항 중앙부,35.98555555555556,129.5563888888889
동해 생태구,HE1612,포항신항 중앙부,36.02388888888889,129.41333333333333
동해 생태구,HE1613,포항구항 중앙부,36.05,129.3777777777778
동해 생태구,HE1701,강구항 중앙부,36.35666666666667,129.39055555555555
동해 생태구,HE2549,축산항 중앙부,36.51,129.44861111111112
동해 생태구,HE2550,후포항 중앙부,36.67833333333333,129.45777777777778
동해 생태구,HE2551,죽변항 중앙부,37.05638888888888,129.42305555555555
동해 생태구,HE2552,임원항 중앙부,37.22777777777778,129.34444444444446
동해 생태구,HE1902,삼척항 중앙부,37.43555555555555,129.19166666666666
동해 생태구,HE2553,동해항 중앙부,37.49666666666667,129.14027777777778
동해 생태구,HE2554,묵호항 중앙부,37.54666666666667,129.11527777777778
동해 생태구,HE2555,주문진항 중앙부,37.89055555555556,128.83138888888888
동해 생태구,HE2556,속초항 중앙부,38.20888888888889,128.5977777777778
동해 생태구,HE2557,속초항 중앙부,38.20305555555556,128.5991666666667
동해 생태구,HE2558,거진항 중앙부,38.44638888888888,128.4597222222222
제주 생태구,HJ2620,제주항 중앙부,33.52611111111111,126.54
제주 생태구,HJ2621,해양경찰서전용부두 인근,33.51972222222222,126.53111111111112
제주 생태구,HJ2622,성산포항 중앙부,33.47083333333334,126.9275
제주 생태구,HJ2623,서귀포항 중앙부,33.23638888888889,126.56527777777778
제주 생태구,HJ2624,서귀포 어선부두,33.24027777777778,126.56
제주 생태구,HJ2625,한림항 중앙부,33.41555555555556,126.25527777777778
제주 생태구,HJ2626,한림항 안쪽,33.418055555555554,126.25972222222222
서해중부 생태구,BC0101,세어도 북방,37.59166666666667,126.5611111111111
서해중부 생태구,BC0102,운겸도 동방,37.5375,126.58611111111112
서해중부 생태구,BC0103,만석부두 인근,37.50666666666667,126.5847222222222
서해중부 생태구,BC0104,인천갑문 앞,37.46527777777778,126.5736111111111
서해중부 생태구,BC0105,인천남항과 팔미도중간,37.41666666666666,126.56666666666666
서해중부 생태구,BC0106,LNG 인수기지 북방,37.375,126.60138888888888
서해중부 생태구,BC0107,소래천 입구,37.34166666666667,126.66111111111113
서해중부 생태구,BC0108,시화방조제선착장 동방,37.32361111111111,126.63194444444444
서해중부 생태구,BC0109,LNG기지 끝단,37.33888888888889,126.57222222222222
서해중부 생태구,BC0110,팔미도 북동방,37.36666666666667,126.52777777777776
서해중부 생태구,BC0111,대부도 타구봉도 북방,37.30916666666666,126.5225
서해중부 생태구,BC0112,팔미도 남서방,37.3575,126.44055555555556
서해중부 생태구,BC0113,자월도 삼각동주 서방,37.32638888888889,126.35333333333332
서해중부 생태구,BC0114,초치도 남방,37.29666666666667,126.28333333333332
서해중부 생태구,BC0115,영흥도 북서방,37.27666666666666,126.40333333333334
서해중부 생태구,BC0116,시화방조제 앞,37.32277777777778,126.5972222222222
서해중부 생태구,BC0117,대부도 용두포 북서방,37.3,126.56055555555557
서해중부 생태구,BC0118,영흥도 북방,37.31944444444445,126.46444444444444
서해중부 생태구,BC0119,LNG 인수기지 서방,37.35194444444445,126.55555555555556
서해중부 생태구,BC0120,팔미도 남동방,37.33555555555556,126.5325
서해중부 생태구,BC0121,영흥도 북방,37.315,126.50333333333332
서해중부 생태구,BC0122,팔미도 남방,37.31944444444445,126.55666666666666
서해중부 생태구,BC0123,영흥도 북동방,37.27638888888889,126.50527777777778
서해중부 생태구,BC0124,무당서 동북방,37.20416666666667,126.4125
서해중부 생태구,BC0125,입파도 북서방,37.168055555555554,126.45833333333334
서해중부 생태구,BC0126,중앙퇴천 남방,37.08888888888889,126.51944444444445
서해중부 생태구,BC0127,평택항 입구,37.00555555555555,126.74527777777776
서해중부 생태구,BC0128,화옹호 수문 서남방,37.09027777777778,126.64722222222224
서해중부 생태구,BC0129, 작은가리섬 동쪽 약 14 km,37.29694444444444,126.71194444444444
서해중부 생태구,BC0130, 작은가리섬 동쪽 약 8 km,37.30083333333333,126.66722222222222
서해중부 생태구,BC0131, 배수갑문 동쪽 약 1 km,37.29138888888889,126.60305555555556
서해중부 생태구,BC0132, 계양전기 옆 하천 앞,37.2925,126.78138888888888
서해중부 생태구,BC0133, 시흥천 남하동쪽 약 1.5 km,37.29333333333333,126.75611111111112
서해중부 생태구,BC0134, 작은가리섬 동북쪽 약 4 km,37.31666666666666,126.65666666666668
서해중부 생태구,BC0135,시화대교 서방,37.29944444444444,126.69666666666669
서해중부 생태구,BC0136,형도 동북방,37.31083333333333,126.68305555555555
서해중부 생태구,BC0137,형도 서방,37.30027777777777,126.63333333333334
서해중부 생태구,BC0138,시화방조제 배수갑문 남방,37.30833333333333,126.61527777777778
서해중부 생태구,BC0201,고파도 북방,36.94638888888888,126.32694444444444
서해중부 생태구,BC0202,고파도 북방,36.9225,126.33361111111113
서해중부 생태구,BC0203,만대항 동방,36.97083333333334,126.3225
서해중부 생태구,BC0301,안면도해수욕장 앞,36.549166666666665,126.31666666666666
서해중부 생태구,BC0302,안면도 서방 ,36.486666666666665,126.28833333333333
서해중부 생태구,BC0303,간월도 남서방,36.59166666666667,126.40555555555557
서해중부 생태구,BC0304,죽도 남북방,36.53138888888889,126.45222222222222
서해중부 생태구,BC0305,보령 천북면 서방,36.4725,126.465
서해중부 생태구,BC0306,오천항 입구,36.42555555555556,126.48388888888888
서해중부 생태구,BC0307,보령 고정리 서방,36.384166666666665,126.465
서해중부 생태구,BC0308,수룡항 포구 서방,36.505833333333335,126.46138888888888
서해중부 생태구,BC0309,보령 학성리 서방,36.44861111111111,126.47083333333332
서해중부 생태구,BC0401,(구)대천항,36.35194444444445,126.5
서해중부 생태구,BC0402,대천해수욕장 앞,36.30611111111111,126.5
서해중부 생태구,BC0403,무창포해수욕장 앞,36.24583333333334,126.49166666666667
서해중부 생태구,BC0404,웅천면 남서방,36.187777777777775,126.46611111111112
서해중부 생태구,BC0405,금강하구둑 하단,35.99777777777778,126.71916666666668
서해중부 생태구,BC0406,장항 구 제련소 남방,36.0,126.66444444444446
서해중부 생태구,BC0407,오식도 북방,35.97916666666667,126.6
서해중부 생태구,BC0408,오식도 서단 북방,35.97916666666667,126.55
서해중부 생태구,BC0409,개야도 남방,36.016666666666666,126.5611111111111
서해중부 생태구,BC0410,개야도 북서방  ,36.05833333333333,126.50888888888888
서해중부 생태구,BC0411,비인항 남서방,36.11666666666667,126.4888888888889
서해중부 생태구,BC0412,명암 서방,35.97916666666667,126.5
서해중부 생태구,BC0413,연도 남방 ,35.97916666666667,126.45
서해중부 생태구,BC0414,십이동파도와 오식도 서단 중간 ,35.97916666666667,126.4
서해중부 생태구,BC0415,야미도 북방,35.87694444444445,126.5
서해중부 생태구,BC0416,선유도 북방 ,35.837500000000006,126.43333333333334
서해중부 생태구,BC0417,선유도 남서방,35.770833333333336,126.37777777777777
서해중부 생태구,BC0418,비안도 동방,35.737500000000004,126.5
서해중부 생태구,BC0419,비안도 남동방,35.68611111111111,126.5
서해중부 생태구,BC0420,격포리 서방,35.61666666666667,126.44166666666668
서해중부 생태구,BC0421,신시도 남방,35.78583333333333,126.47472222222224
서해중부 생태구,BC0422,비응도 서남방,35.934999999999995,126.49694444444444
서해중부 생태구,BC0423,격포리 남방,35.572500000000005,126.46055555555556
서남해역 생태구,BW0501,도리포 남동방,35.15277777777778,126.3611111111111
서남해역 생태구,BW0502,덕산리 북방,35.165,126.29222222222222
서남해역 생태구,BW0903,낭도 북방,34.677499999999995,127.52222222222224
서남해역 생태구,BK1001,대경도 동북방,34.722500000000004,127.73416666666668
서남해역 생태구,BK1002,가막암 북동방,34.689166666666665,127.68833333333332
서남해역 생태구,BK1003,백야도 동방,34.62138888888889,127.69027777777778
서남해역 생태구,BK1004,장도 남서방,34.7325,127.66111111111113
서남해역 생태구,BK1005,마물도 남서방,34.6975,127.64416666666668
대한해협 생태구,BK1101,돌산도 북방,34.73555555555556,127.76611111111112
대한해협 생태구,BK1102,오동도 서북방 ,34.76277777777778,127.76138888888887
대한해협 생태구,BK1103,여수시 동방,34.76444444444444,127.80527777777776
대한해협 생태구,BK1104,묘도 서남방,34.85138888888889,127.67972222222222
대한해협 생태구,BK1105,묘도 서방,34.88388888888889,127.65055555555556
대한해협 생태구,BK1106,묘도 서북방,34.90222222222222,127.68222222222222
대한해협 생태구,BK1107,남해대교 서남방,34.920833333333334,127.82333333333332
대한해협 생태구,BK1108,여수시 낙포동 동방,34.831944444444446,127.80111111111113
대한해협 생태구,BK1109, 여수시 낙포동 모래개 북방,34.86944444444445,127.78888888888888
대한해협 생태구,BK1110, POSCO 서방,34.90277777777778,127.79888888888888
대한해협 생태구,BK1111, 묘도 산성 동방,34.891666666666666,127.75972222222222
대한해협 생태구,BK1112, 모도 북방(POSCO남방),34.9025,127.7238888888889
대한해협 생태구,BK1113, 묘도 남방,34.86361111111111,127.71027777777778
대한해협 생태구,BK1114, 중흥부두 북방,34.91,127.7
대한해협 생태구,BK1115, 대도 서북방,34.94,127.82638888888889
대한해협 생태구,BK1116,문도 나루터 서방,35.0425,127.77
대한해협 생태구,BK1117,황천교 남서방,35.02583333333333,127.77777777777776
대한해협 생태구,BK1118,오사천제방 북방,35.016666666666666,127.7863888888889
대한해협 생태구,BK1119,섬진강교 북방,34.99,127.77777777777776
대한해협 생태구,BK1120,섬진강교 남방,34.98361111111111,127.77305555555556
대한해협 생태구,BK1121,배알도 북방,34.97222222222222,127.7625
대한해협 생태구,BK1122,섬진대교 북방,34.95777777777778,127.75055555555556
대한해협 생태구,BK1123,섬진대교 남방,34.95277777777778,127.77222222222224
대한해협 생태구,BK1124,마도 남방,34.94083333333333,127.77111111111113
대한해협 생태구,BK1125,POSCO 슬러그매립장 동방,34.92666666666666,127.77638888888887
대한해협 생태구,BK1201,사천시 삼분갑 서방,34.95388888888889,128.0
대한해협 생태구,BK1202,창선도 서방,34.8775,127.93666666666668
대한해협 생태구,BK1301,가덕도 서방 ,35.03333333333333,128.76666666666668
대한해협 생태구,BK1302,부도 서방,35.10194444444445,128.62083333333334
대한해협 생태구,BK1303,송도 서방,35.08611111111112,128.485
대한해협 생태구,BK1304,당항포내,35.05,128.41666666666666
대한해협 생태구,BK1305,원문만내,34.9,128.43416666666667
대한해협 생태구,BK1306,고현만내,34.91305555555555,128.60583333333332
대한해협 생태구,BK1307,저도 서방,35.04611111111111,128.51722222222224
대한해협 생태구,BK1308,가조도 북방,35.00194444444445,128.53777777777776
대한해협 생태구,BK1309,가조도 서방,34.96888888888889,128.47416666666666
대한해협 생태구,BK1310,진해만 입구,35.02833333333333,128.60777777777778
대한해협 생태구,BK1311,진동만,35.08222222222223,128.53083333333333
대한해협 생태구,BK1312,원문만외,34.94166666666666,128.45777777777778
대한해협 생태구,BK1313,고현만외,34.9375,128.56
대한해협 생태구,BK1314,돝섬 북방,35.19583333333333,128.58333333333334
대한해협 생태구,BK1315,묘도 서방,35.14722222222222,128.60416666666666
대한해협 생태구,BK1316,돝섬 남방,35.1675,128.58972222222224
대한해협 생태구,BK1317,돝섬 서방,35.17777777777778,128.57638888888889
대한해협 생태구,BK1318,모도 서방,35.141666666666666,128.6025
대한해협 생태구,BK1319,창원 수정리 동방,35.11555555555556,128.60944444444445
대한해협 생태구,BK1320,부도 동남방,35.08083333333334,128.66694444444445
대한해협 생태구,BK1321,망와도 북동방,35.04888888888889,128.7211111111111
대한해협 생태구,BK1322,마산 서항지구 북방,35.19194444444444,128.57166666666666
대한해협 생태구,BK1323,창원 동서동 동북방,35.19444444444444,128.57472222222222
대한해협 생태구,BK1324,창원연안크루즈터미널 동북방,35.19888888888889,128.57694444444445
대한해협 생태구,BK1325,창원 동서동 동남방,35.20138888888889,128.58055555555555
대한해협 생태구,BK1326,마산 오동동 동방,35.20611111111111,128.5863888888889
대한해협 생태구,BK1327,자유지역교 남방,35.20916666666667,128.58694444444444
대한해협 생태구,BK1328,마산자유무역지역 남방,35.2075,128.5963888888889
대한해협 생태구,BK1329,대일말 북방,35.11833333333333,128.69166666666666
대한해협 생태구,BK1330,대죽도 북방,35.138888888888886,128.68055555555554
대한해협 생태구,BK1331,진해루해변공원 동남방,35.144444444444446,128.6797222222222
대한해협 생태구,BK1332,진해루해변공원 서남방,35.14611111111111,128.68777777777777
대한해협 생태구,BK1333,송도 동방,35.06861111111112,128.77833333333334
대한해협 생태구,BK1401,가덕도 북방,35.07361111111111,128.82333333333332
대한해협 생태구,BK1402,낙동강하구,35.01277777777778,128.9272222222222
대한해협 생태구,BK1403,가덕도 동두말 동방,34.99583333333334,128.86527777777778
대한해협 생태구,BK1404,낙동강 하구둑 서방,35.10722222222223,128.935
대한해협 생태구,BK1405,을숙도 서방,35.099722222222226,128.93166666666664
대한해협 생태구,BK1406,을숙도대교 서방,35.089444444444446,128.92888888888888
대한해협 생태구,BK1407,대마등 북동방,35.08166666666667,128.9261111111111
대한해협 생태구,BK1408,낙동강 하구둑 동방,35.10416666666667,128.95222222222222
대한해협 생태구,BK1409,을숙도 동방,35.09388888888889,128.95027777777776
대한해협 생태구,BK1410,을숙도대교 동방,35.08611111111112,128.94694444444443
대한해협 생태구,BK1411,맹금머리등 북방,35.0775,128.94416666666666
대한해협 생태구,BK1412,장자도 북동방,35.06222222222222,128.92527777777778
대한해협 생태구,BK1413,신자도 동남방,35.04472222222222,128.91972222222222
대한해협 생태구,BK1414, 해운대해수욕장 앞,35.14722222222222,129.16944444444442
대한해협 생태구,BK1415,수영강 하구,35.14805555555556,129.14055555555555
대한해협 생태구,BK1416,광안리해수욕장 앞,35.14611111111111,129.1263888888889
대한해협 생태구,BK1417, 부산항외항,35.08583333333333,129.0927777777778
대한해협 생태구,BK1418, 영도 남방,35.0475,129.04583333333332
대한해협 생태구,BK1419, 감천항 입구,35.03472222222222,129.01222222222222
대한해협 생태구,BK1420,오륙도 서남방,35.07222222222222,129.12055555555557
대한해협 생태구,BK1421,영도 동북방,35.098888888888894,129.07638888888889
대한해협 생태구,BK1422,남항대교 남방,35.07222222222222,129.03305555555556
대한해협 생태구,BK1423,암남공원 서남방,35.052499999999995,129.00722222222225
대한해협 생태구,BK1424,다대포항 입구,35.04833333333333,128.98833333333332
대한해협 생태구,BK1425,오륙도 SK뷰 서방,35.10027777777778,129.11305555555555
대한해협 생태구,BK1426, 용호만,35.135555555555555,129.11666666666667
대한해협 생태구,BK1427, 수영강 입구,35.159166666666664,129.13527777777776
대한해협 생태구,BK1428, 이기대 동쪽,35.11805555555556,129.13805555555555
대한해협 생태구,BK1429, 수영만 동쪽,35.13361111111111,129.13805555555555
대한해협 생태구,BK1430, 수영만 남쪽,35.13361111111111,129.155
대한해협 생태구,BK1501,온산면 처용리 앞,35.45333333333333,129.35805555555555
대한해협 생태구,BK1502,진하해수욕장 앞,35.38,129.3575
대한해협 생태구,BK1503,온산항 내 서남방,35.44083333333333,129.35888888888888
대한해협 생태구,BK1504,온산항 내 북동방,35.44555555555555,129.36249999999998
대한해협 생태구,BK1505,온산항 입구,35.450833333333335,129.36583333333334
대한해협 생태구,BK1506,울산신항 동방,35.45638888888889,129.37555555555556
대한해협 생태구,BK1507,온산 이진리 북동방,35.43888888888888,129.37194444444447
대한해협 생태구,BK1508,온산 이진리 동방,35.43472222222222,129.37416666666667
대한해협 생태구,BK1509,남구 용연동 동남방,35.44499999999999,129.4077777777778
대한해협 생태구,BK1510,화암추 북서방,35.47805555555556,129.3986111111111
대한해협 생태구,BK1511,태화강 입구,35.51972222222222,129.385
대한해협 생태구,BK1512,방어진항앞(관정말 앞),35.49277777777778,129.39666666666665
대한해협 생태구,BK1513,울산대교 남방,35.51111111111111,129.39166666666665
대한해협 생태구,BK1514, 장생포고래박물관 남방,35.49944444444444,129.38305555555556
대한해협 생태구,BK1515,장생포항 남방,35.49888888888889,129.37166666666667
대한해협 생태구,BK1516,울산만 하구 입구,35.45805555555556,129.39666666666665
대한해협 생태구,BK1517,온산항 북동방,35.448611111111106,129.38333333333333
대한해협 생태구,BK1518,외황강 입구,35.46111111111112,129.3513888888889
대한해협 생태구,BK1519,온산항 남동방,35.421388888888885,129.3711111111111
동해 생태구,BE1601,형산강 하구,36.04138888888889,129.39249999999998
동해 생태구,BE1602,냉천 도류제 입구,36.0125,129.42999999999998
동해 생태구,BE1603,도구 해수욕장 앞,36.007777777777775,129.43833333333333
동해 생태구,BE1604,임곡방파제 앞,36.00666666666667,129.44666666666666
동해 생태구,BE1605,중흥동 앞,36.02944444444445,129.46972222222223
동해 생태구,BE1606,신항 북동방 중앙부,36.04055555555556,129.4511111111111
동해 생태구,BE1607,신항 동방 중앙부,36.05333333333333,129.43194444444444
동해 생태구,BE1608,환여동 동남방,36.06027777777778,129.4186111111111
동해 생태구,BE1609,죽천동 동방,36.08805555555556,129.45
동해 생태구,BE1610,대동배 서방 만 중앙,36.07694444444445,129.48
동해 생태구,BE1611,대동배 앞,36.06555555555556,129.5127777777778
동해 생태구,BE1801,왕피천하구 말단,36.97138888888889,129.41611111111112
동해 생태구,BE1901,삼척오십천하구 말단,37.430277777777775,129.19444444444446
동해 생태구,BE2001,강릉남대천하구 말단,37.7675,128.95666666666665
동해 생태구,BE2101,양양남대천하구 말단,38.10805555555556,128.64777777777778
서해중부 생태구,CC2201,대난지도 동방,37.05222222222222,126.47555555555556
서해중부 생태구,CC2202,대난지도 서방,37.04472222222222,126.37888888888888
서해중부 생태구,CC2203,풍도 남서방,37.07916666666667,126.3736111111111
서해중부 생태구,CC2204,장안서 서방,37.074444444444445,126.20777777777778
서해중부 생태구,CC2205,가로림만 입구,36.99,126.31333333333332
서해중부 생태구,CC2206,안도 등대 남동방,36.94166666666666,126.2
서해중부 생태구,CC2207,태안 내리 북방,37.03305555555556,126.26083333333334
서해중부 생태구,CC2208,원북면 향촌리 서방,36.880833333333335,126.09472222222222
서해중부 생태구,CC2209,만리포해수욕장 앞,36.79,126.14111111111112
서해중부 생태구,CC2210,거아도 북방,36.63305555555556,126.23472222222222
서남해역 생태구,CW2301,위도 남동방,35.5,126.39166666666668
서남해역 생태구,CW2302,계마항 서방,35.38972222222222,126.3775
서남해역 생태구,CW2303,칠선도 동방,35.333333333333336,126.3
서남해역 생태구,CW2304,망운면 탄도 서방,35.01111111111111,126.28916666666666
서남해역 생태구,CW2305,매화도 남방,34.87888888888889,126.23805555555556
서남해역 생태구,CW2306,압해도 서남방,34.80611111111111,126.26777777777778
서남해역 생태구,CW2307,안좌도 동방,34.719166666666666,126.22638888888888
서남해역 생태구,CW2308,진도 서북방,34.59583333333334,126.22638888888888
서남해역 생태구,CW2309,진도 동방,34.48722222222222,126.42694444444444
서남해역 생태구,CW2310,진도 동남방,34.34777777777778,126.3938888888889
서남해역 생태구,CW2311,진도 남방,34.34138888888889,126.3022222222222
서남해역 생태구,CW2312,조약도 북방,34.42777777777778,126.8647222222222
서남해역 생태구,CW2313,완도항 동방,34.31888888888889,126.78305555555556
서남해역 생태구,CW2314,죽청리 동방,34.35333333333333,126.75888888888888
서남해역 생태구,CW2315,신지도 북방,34.367777777777775,126.8561111111111
서남해역 생태구,CW2316,완도 남방,34.24444444444445,126.7388888888889
서남해역 생태구,CW2317,조약도 동방,34.38944444444444,127.0
서남해역 생태구,CW2318,거금도 동북방,34.5,127.24333333333334
서남해역 생태구,CW2319,거금도 남방,34.331388888888895,127.21611111111112
서남해역 생태구,CW2320,외나로도 서남방,34.404444444444444,127.40166666666669
서남해역 생태구,CW2321,내나로도 동방,34.509166666666665,127.595
서남해역 생태구,CW2322,내나로도 봉남 남방,34.47833333333333,127.47916666666669
서남해역 생태구,CW2323,내나로도 동측 연안,34.522777777777776,127.49166666666667
서남해역 생태구,CW2324,외나로도(대항도 북방),34.45888888888889,127.5475
서남해역 생태구,CW2325,외나로도(대항도 남방),34.4225,127.5475
대한해협 생태구,CK2401,돌산도 동방,34.690555555555555,127.845
대한해협 생태구,CK2402,돌산도 백포 연안,34.62,127.80694444444444
대한해협 생태구,CK2403,금오도 동방,34.53805555555555,127.88444444444444
대한해협 생태구,CK2404,남해 상주 남방,34.63777777777778,127.9327777777778
대한해협 생태구,CK2405,남해 미조 동남방,34.61611111111111,128.06666666666666
대한해협 생태구,CK2406,상주해수욕장,34.71361111111111,127.99083333333331
대한해협 생태구,CK2407,대두리도 동방,34.55888888888889,127.78194444444443
대한해협 생태구,CK2408,창선도 창호포 입구 ,34.904444444444444,128.0513888888889
대한해협 생태구,CK2409,신수도 동방,34.90888888888889,128.1
대한해협 생태구,CK2410,수우도 북방,34.875,128.125
대한해협 생태구,CK2411,삼천포화력발전소 앞,34.89277777777778,128.12444444444446
대한해협 생태구,CK2412,고성만 중앙부,34.927499999999995,128.31472222222223
대한해협 생태구,CK2413,자란만 중앙부,34.909444444444446,128.22333333333333
대한해협 생태구,CK2414,누은섬(와도) 동남방,34.875,128.25
대한해협 생태구,CK2415,남해도 동방,34.77361111111111,128.13166666666666
대한해협 생태구,CK2416,추도 북방,34.80972222222222,128.29472222222222
대한해협 생태구,CK2417,추도서남방(율포만),34.7175,128.25
대한해협 생태구,CK2418,한산도 서방,34.76638888888889,128.44305555555556
대한해협 생태구,CK2419,연화도 동북방,34.666666666666664,128.39277777777778
대한해협 생태구,CK2420,학림도 동방,34.75,128.43166666666664
대한해협 생태구,CK2421,거제대교 남방,34.85638888888889,128.4597222222222
대한해협 생태구,CK2422,방화도 서방,34.83305555555556,128.4463888888889
대한해협 생태구,CK2423,해저터널 서방,34.83027777777778,128.4
대한해협 생태구,CK2424,장구도 동남방,34.85777777777778,128.3536111111111
대한해협 생태구,CK2425,거제만내,34.81333333333333,128.55805555555557
대한해협 생태구,CK2426,한산도 동방,34.780833333333334,128.52
대한해협 생태구,CK2427,저구리만 외측,34.72277777777778,128.5402777777778
대한해협 생태구,CK2428,거제도 남방,34.67388888888889,128.64277777777778
대한해협 생태구,CK2429,옥포항 앞,34.909444444444446,128.73333333333332
대한해협 생태구,CK2430,거제도 망치포내,34.79861111111111,128.6797222222222
대한해협 생태구,CK2431,거제 일운면 동남방,34.76805555555556,128.77444444444447
대한해협 생태구,CK2432,거제 능포앞,34.87916666666667,128.75027777777777
대한해협 생태구,CK2433,목도 서방,34.97638888888889,128.96666666666667
대한해협 생태구,CK2434,낙동강하구 (가덕도동방),35.0,128.90833333333333
대한해협 생태구,CK2435,문중리 남동방,35.28333333333333,129.2802777777778
대한해협 생태구,CK2436,송정해수욕장 앞,35.166666666666664,129.21666666666667
대한해협 생태구,CK2437,임랑해수욕장 동남방,35.3,129.29166666666666
대한해협 생태구,CK2438,일광해수욕장 앞,35.265,129.25222222222223
대한해협 생태구,CK2439,진하해수욕장 동방,35.3675,129.4077777777778
대한해협 생태구,CK2440,진하동 (현대중공업 앞),35.52055555555555,129.47666666666666
대한해협 생태구,CK2441,감포항 입구,35.79805555555556,129.51083333333332
대한해협 생태구,CK2442,송대말 등대 동방,35.815555555555555,129.53055555555557
대한해협 생태구,CK2443,나아리 동방,35.7075,129.48833333333332
대한해협 생태구,CK2444,문무대왕릉 북동방,35.74638888888889,129.50055555555556
동해 생태구,CE2501,구룡포항 입구,35.98305555555556,129.5638888888889
동해 생태구,CE2502,구룡포항 북동방,35.99777777777778,129.58805555555557
동해 생태구,CE2503,영일신항예정지북동방,36.13444444444444,129.48333333333332
동해 생태구,CE2504,화진포해수욕장 동방,36.24916666666667,129.3972222222222
동해 생태구,CE2505,월포해수욕장 동방,36.20166666666667,129.40027777777777
동해 생태구,CE2506,금진리 동방,36.38055555555555,129.42055555555555
동해 생태구,CE2507,강구항 동남방,36.35,129.39749999999998
동해 생태구,CE2508,축산항 입구,36.513333333333335,129.45638888888888
동해 생태구,CE2509,사진리 동방,36.53444444444444,129.4997222222222
동해 생태구,CE2510,후포항 남방,36.6475,129.45888888888888
동해 생태구,CE2511,후포항 북동방,36.69444444444444,129.4836111111111
동해 생태구,CE2512,후정해수욕장 동방,37.08166666666667,129.42583333333332
동해 생태구,CE2513,덕천리 동방,37.09861111111111,129.39888888888888
동해 생태구,CE2514,왕피천 하구 동방,36.97472222222223,129.43138888888888
동해 생태구,CE2515,산포리 동방,36.946666666666665,129.43472222222223
동해 생태구,CE2516,나곡리 동방,37.12138888888889,129.40222222222224
동해 생태구,CE2517,부구리  동방,37.10944444444445,129.40222222222224
동해 생태구,CE2518,맹방해수욕장 동방,37.399166666666666,129.24749999999997
동해 생태구,CE2519,삼척 오십천 하구,37.43,129.20222222222222
동해 생태구,CE2520,근덕면 동방,37.42638888888889,129.21305555555554
동해 생태구,CE2521,임원항 동방,37.23333333333333,129.36694444444444
동해 생태구,CE2522,묵호항 동남방,37.535555555555554,129.135
동해 생태구,CE2523,동해항 동방,37.50305555555556,129.15472222222223
동해 생태구,CE2524,천곡항 동방,37.52333333333333,129.15222222222224
동해 생태구,CE2525,망상해수욕장 동방,37.61138888888889,129.11499999999998
동해 생태구,CE2526,강릉 남대천 하구,37.781666666666666,128.96166666666664
동해 생태구,CE2527,송정동 동방,37.78,128.95555555555555
동해 생태구,CE2528,안목항 동방,37.76972222222222,128.97611111111112
동해 생태구,CE2529,경포해수욕장 동방,37.80638888888888,128.93166666666664
동해 생태구,CE2530,정동진 동남방,37.66444444444444,129.08083333333332
동해 생태구,CE2531,등명 동방,37.71666666666667,129.03722222222223
동해 생태구,CE2532,안인항 동방,37.75083333333333,128.99527777777777
동해 생태구,CE2533,주문진항 입구,37.88583333333333,128.8375
동해 생태구,CE2534,주문진항 방파제 동방,37.88777777777778,128.84666666666666
동해 생태구,CE2535,등대 동방,37.89416666666666,128.85222222222222
동해 생태구,CE2536,소돌 동북방,37.91888888888889,128.8525
동해 생태구,CE2537,연곡해수욕장 동방,37.86111111111112,128.87416666666667
동해 생태구,CE2538,기사문단 남동방,38.0125,128.75027777777777
동해 생태구,CE2539,양양 남애리 동방,37.94972222222222,128.80166666666668
동해 생태구,CE2540,양양공항 동방,38.08111111111111,128.7086111111111
동해 생태구,CE2541,하조대해수욕장 동방,38.051944444444445,128.71305555555554
동해 생태구,CE2542,동명항 남방파제 남방,38.19972222222222,128.605
동해 생태구,CE2543,북측방파제 동방,38.21361111111111,128.61166666666665
동해 생태구,CE2544,등대 동북방,38.22083333333334,128.6136111111111
동해 생태구,CE2545,낙산해수욕장 동방,38.1175,128.66555555555556
동해 생태구,CE2546,북천 동방,38.40833333333333,128.50555555555556
동해 생태구,CE2547,자산천 하구 ,38.44027777777777,128.4597222222222
제주 생태구,CJ2601,제주항 서측,33.526944444444446,126.53277777777778
제주 생태구,CJ2602,이호해수욕장 서측,33.50055555555556,126.42777777777778
제주 생태구,CJ2603,제주항 동남방,33.53388888888889,126.56833333333331
제주 생태구,CJ2604,세화항 북측,33.5375,126.85555555555555
제주 생태구,CJ2605,다려도 외측,33.573888888888895,126.73277777777778
제주 생태구,CJ2606,함덕해수욕장 앞,33.56055555555555,126.66638888888887
제주 생태구,CJ2607,성산항 입구,33.480000000000004,126.93861111111111
제주 생태구,CJ2608,신양해수욕장 동남방,33.41138888888889,126.93861111111111
제주 생태구,CJ2609,태흥리 동남방,33.280833333333334,126.7675
제주 생태구,CJ2610,표선리 동방,33.32555555555556,126.86555555555556
제주 생태구,CJ2611,위미항 남방,33.2625,126.66111111111113
제주 생태구,CJ2612,중문해수욕장 앞,33.22944444444445,126.4125
제주 생태구,CJ2613,문섬 남방,33.22944444444445,126.56694444444445
제주 생태구,CJ2614,모슬포항 입구,33.2025,126.25166666666668
제주 생태구,CJ2615,화순항 서남방,33.22,126.3275
제주 생태구,CJ2616,모슬포항 서남방,33.23777777777778,126.20277777777778
제주 생태구,CJ2617,판포리 서북방,33.376111111111115,126.185
제주 생태구,CJ2618,곽지 해수욕장 서방,33.46305555555556,126.27444444444444
제주 생태구,CJ2619,신도리 앞,33.294444444444444,126.16
